zone_id,day_type,hour,optimal_surge_tier,completed_trips,hourly_revenue
Airport_Corridor,Weekday,0,1.0,21.2,1271.7
Airport_Corridor,Weekday,1,1.0,21.5,1290.7
Airport_Corridor,Weekday,2,1.0,21.7,1299.5
Airport_Corridor,Weekday,3,1.0,21.5,1292.7
Airport_Corridor,Weekday,4,1.0,23.7,1419.8
Airport_Corridor,Weekday,5,1.0,31.3,1876.1
Airport_Corridor,Weekday,6,1.0,54.7,3279.6
Airport_Corridor,Weekday,7,1.5,63.4,5709.2
Airport_Corridor,Weekday,8,1.8,72.3,7813.3
Airport_Corridor,Weekday,9,1.5,87.7,7897.1
Airport_Corridor,Weekday,10,1.0,95.8,5748.9
Airport_Corridor,Weekday,11,1.0,55.3,3315.9
Airport_Corridor,Weekday,12,1.0,31.9,1914.6
Airport_Corridor,Weekday,13,1.0,24.8,1489.2
Airport_Corridor,Weekday,14,1.0,27.9,1676.7
Airport_Corridor,Weekday,15,1.0,42.3,2538.3
Airport_Corridor,Weekday,16,1.0,73.8,4426.9
Airport_Corridor,Weekday,17,1.5,79.4,7146.4
Airport_Corridor,Weekday,18,1.8,87.2,9421.7
Airport_Corridor,Weekday,19,1.8,87.1,9407.9
Airport_Corridor,Weekday,20,1.5,79.8,7179.9
Airport_Corridor,Weekday,21,1.0,69.0,4141.3
Airport_Corridor,Weekday,22,1.0,42.0,2520.8
Airport_Corridor,Weekday,23,1.0,27.6,1654.4
Airport_Corridor,Weekend,0,1.0,27.8,1665.7
Airport_Corridor,Weekend,1,1.0,27.6,1655.2
Airport_Corridor,Weekend,2,1.0,27.4,1647.0
Airport_Corridor,Weekend,3,1.0,28.0,1679.1
Airport_Corridor,Weekend,4,1.0,27.4,1641.0
Airport_Corridor,Weekend,5,1.0,28.7,1722.9
Airport_Corridor,Weekend,6,1.0,32.0,1922.1
Airport_Corridor,Weekend,7,1.5,25.1,2259.0
Airport_Corridor,Weekend,8,1.8,25.6,2767.7
Airport_Corridor,Weekend,9,1.5,39.8,3580.6
Airport_Corridor,Weekend,10,1.0,77.8,4667.1
Airport_Corridor,Weekend,11,1.2,81.6,5876.9
Airport_Corridor,Weekend,12,1.2,93.2,6711.1
Airport_Corridor,Weekend,13,1.5,85.6,7699.8
Airport_Corridor,Weekend,14,1.2,104.1,7496.9
Airport_Corridor,Weekend,15,1.2,96.2,6924.0
Airport_Corridor,Weekend,16,1.0,97.8,5867.7
Airport_Corridor,Weekend,17,1.5,56.9,5122.6
Airport_Corridor,Weekend,18,1.8,39.7,4289.0
Airport_Corridor,Weekend,19,1.8,42.7,4615.2
Airport_Corridor,Weekend,20,1.8,53.9,5826.2
Airport_Corridor,Weekend,21,1.5,81.2,7303.7
Airport_Corridor,Weekend,22,1.8,76.2,8232.2
Airport_Corridor,Weekend,23,1.8,73.8,7970.4
Downtown_CBD,Weekday,0,1.0,33.2,1992.9
Downtown_CBD,Weekday,1,1.0,32.7,1961.0
Downtown_CBD,Weekday,2,1.0,33.0,1977.2
Downtown_CBD,Weekday,3,1.0,33.9,2035.9
Downtown_CBD,Weekday,4,1.0,36.7,2202.6
Downtown_CBD,Weekday,5,1.0,49.3,2959.6
Downtown_CBD,Weekday,6,1.0,86.7,5202.2
Downtown_CBD,Weekday,7,1.5,99.6,8961.5
Downtown_CBD,Weekday,8,1.8,112.1,12106.3
Downtown_CBD,Weekday,9,1.5,134.6,12110.3
Downtown_CBD,Weekday,10,1.0,147.4,8845.4
Downtown_CBD,Weekday,11,1.0,84.8,5087.0
Downtown_CBD,Weekday,12,1.0,49.0,2941.6
Downtown_CBD,Weekday,13,1.0,38.1,2285.9
Downtown_CBD,Weekday,14,1.0,43.5,2611.0
Downtown_CBD,Weekday,15,1.0,65.6,3935.4
Downtown_CBD,Weekday,16,1.0,112.3,6740.8
Downtown_CBD,Weekday,17,1.5,123.9,11153.7
Downtown_CBD,Weekday,18,1.8,134.5,14522.0
Downtown_CBD,Weekday,19,1.8,133.1,14373.0
Downtown_CBD,Weekday,20,1.5,123.5,11116.0
Downtown_CBD,Weekday,21,1.0,108.7,6519.4
Downtown_CBD,Weekday,22,1.0,65.4,3924.0
Downtown_CBD,Weekday,23,1.0,42.4,2543.5
Downtown_CBD,Weekend,0,1.0,42.9,2572.3
Downtown_CBD,Weekend,1,1.0,42.5,2550.9
Downtown_CBD,Weekend,2,1.0,43.8,2627.5
Downtown_CBD,Weekend,3,1.0,42.7,2564.9
Downtown_CBD,Weekend,4,1.0,43.9,2631.1
Downtown_CBD,Weekend,5,1.0,45.6,2736.0
Downtown_CBD,Weekend,6,1.0,50.8,3046.9
Downtown_CBD,Weekend,7,1.5,38.7,3481.3
Downtown_CBD,Weekend,8,1.8,39.5,4266.0
Downtown_CBD,Weekend,9,1.5,62.6,5633.4
Downtown_CBD,Weekend,10,1.0,117.8,7068.8
Downtown_CBD,Weekend,11,1.0,145.4,8724.2
Downtown_CBD,Weekend,12,1.2,143.5,10332.3
Downtown_CBD,Weekend,13,1.2,159.5,11482.8
Downtown_CBD,Weekend,14,1.2,157.8,11365.1
Downtown_CBD,Weekend,15,1.2,145.2,10456.8
Downtown_CBD,Weekend,16,1.0,159.6,9576.2
Downtown_CBD,Weekend,17,1.5,85.2,7666.2
Downtown_CBD,Weekend,18,1.8,65.3,7051.0
Downtown_CBD,Weekend,19,1.8,65.5,7071.2
Downtown_CBD,Weekend,20,1.8,83.6,9031.4
Downtown_CBD,Weekend,21,1.5,121.1,10899.5
Downtown_CBD,Weekend,22,1.8,115.7,12500.2
Downtown_CBD,Weekend,23,1.8,113.4,12243.2
Suburban_Residential,Weekday,0,1.0,12.7,763.5
Suburban_Residential,Weekday,1,1.0,12.9,772.9
Suburban_Residential,Weekday,2,1.0,12.8,769.9
Suburban_Residential,Weekday,3,1.0,13.1,787.5
Suburban_Residential,Weekday,4,1.0,14.4,862.9
Suburban_Residential,Weekday,5,1.0,19.4,1163.0
Suburban_Residential,Weekday,6,1.0,33.8,2026.7
Suburban_Residential,Weekday,7,1.0,60.6,3633.1
Suburban_Residential,Weekday,8,1.0,79.4,4761.6
Suburban_Residential,Weekday,9,1.0,78.9,4732.0
Suburban_Residential,Weekday,10,1.0,56.5,3388.5
Suburban_Residential,Weekday,11,1.0,34.2,2050.5
Suburban_Residential,Weekday,12,1.0,19.2,1150.4
Suburban_Residential,Weekday,13,1.0,15.1,908.2
Suburban_Residential,Weekday,14,1.0,16.9,1014.0
Suburban_Residential,Weekday,15,1.0,26.3,1576.0
Suburban_Residential,Weekday,16,1.0,45.1,2707.8
Suburban_Residential,Weekday,17,1.0,72.6,4353.3
Suburban_Residential,Weekday,18,1.2,80.3,5784.3
Suburban_Residential,Weekday,19,1.0,94.7,5681.3
Suburban_Residential,Weekday,20,1.0,74.3,4456.1
Suburban_Residential,Weekday,21,1.0,45.4,2726.1
Suburban_Residential,Weekday,22,1.0,26.1,1566.9
Suburban_Residential,Weekday,23,1.0,16.6,994.6
Suburban_Residential,Weekend,0,1.0,16.5,989.2
Suburban_Residential,Weekend,1,1.0,16.7,1000.3
Suburban_Residential,Weekend,2,1.0,16.9,1011.7
Suburban_Residential,Weekend,3,1.0,17.2,1033.0
Suburban_Residential,Weekend,4,1.0,17.3,1036.4
Suburban_Residential,Weekend,5,1.0,18.4,1102.2
Suburban_Residential,Weekend,6,1.0,19.2,1151.0
Suburban_Residential,Weekend,7,1.0,22.4,1344.2
Suburban_Residential,Weekend,8,1.0,27.9,1676.1
Suburban_Residential,Weekend,9,1.0,35.9,2152.2
Suburban_Residential,Weekend,10,1.0,47.6,2856.9
Suburban_Residential,Weekend,11,1.0,58.3,3497.7
Suburban_Residential,Weekend,12,1.0,71.7,4301.8
Suburban_Residential,Weekend,13,1.0,76.2,4571.6
Suburban_Residential,Weekend,14,1.0,77.1,4625.6
Suburban_Residential,Weekend,15,1.0,71.0,4258.5
Suburban_Residential,Weekend,16,1.0,59.8,3587.1
Suburban_Residential,Weekend,17,1.0,50.9,3053.8
Suburban_Residential,Weekend,18,1.0,44.3,2658.7
Suburban_Residential,Weekend,19,1.0,47.9,2872.9
Suburban_Residential,Weekend,20,1.0,58.2,3492.1
Suburban_Residential,Weekend,21,1.0,72.4,4344.7
Suburban_Residential,Weekend,22,1.2,68.2,4909.6
Suburban_Residential,Weekend,23,1.5,54.8,4932.5
