zone_id,day_type,hour,optimal_surge,completed_trips,hourly_revenue
Airport_Corridor,Weekday,0,1.003,21.1,1271.6
Airport_Corridor,Weekday,1,1.003,21.4,1290.5
Airport_Corridor,Weekday,2,1.003,21.6,1299.3
Airport_Corridor,Weekday,3,1.003,21.5,1292.6
Airport_Corridor,Weekday,4,1.003,23.6,1419.7
Airport_Corridor,Weekday,5,1.002,31.2,1875.9
Airport_Corridor,Weekday,6,1.001,54.6,3279.5
Airport_Corridor,Weekday,7,1.004,94.6,5695.4
Airport_Corridor,Weekday,8,1.303,99.7,7798.1
Airport_Corridor,Weekday,9,1.279,102.8,7889.5
Airport_Corridor,Weekday,10,1.001,95.7,5748.7
Airport_Corridor,Weekday,11,1.001,55.2,3315.7
Airport_Corridor,Weekday,12,1.002,31.8,1914.5
Airport_Corridor,Weekday,13,1.003,24.7,1489.0
Airport_Corridor,Weekday,14,1.003,27.9,1676.6
Airport_Corridor,Weekday,15,1.002,42.2,2538.1
Airport_Corridor,Weekday,16,1.001,73.7,4426.7
Airport_Corridor,Weekday,17,1.095,108.6,7132.8
Airport_Corridor,Weekday,18,1.414,110.9,9407.9
Airport_Corridor,Weekday,19,1.4,111.9,9393.6
Airport_Corridor,Weekday,20,1.088,109.8,7166.0
Airport_Corridor,Weekday,21,1.001,68.9,4141.1
Airport_Corridor,Weekday,22,1.002,41.9,2520.6
Airport_Corridor,Weekday,23,1.003,27.5,1654.2
Airport_Corridor,Weekend,0,1.003,27.7,1665.5
Airport_Corridor,Weekend,1,1.003,27.5,1655.0
Airport_Corridor,Weekend,2,1.003,27.4,1646.8
Airport_Corridor,Weekend,3,1.003,27.9,1678.9
Airport_Corridor,Weekend,4,1.003,27.3,1640.8
Airport_Corridor,Weekend,5,1.003,28.6,1722.7
Airport_Corridor,Weekend,6,1.003,31.9,1921.9
Airport_Corridor,Weekend,7,1.011,37.1,2253.5
Airport_Corridor,Weekend,8,1.01,45.5,2758.0
Airport_Corridor,Weekend,9,1.008,59.1,3572.0
Airport_Corridor,Weekend,10,1.001,77.7,4666.9
Airport_Corridor,Weekend,11,1.021,96.3,5895.9
Airport_Corridor,Weekend,12,1.105,101.4,6722.0
Airport_Corridor,Weekend,13,1.218,105.8,7731.8
Airport_Corridor,Weekend,14,1.131,110.6,7505.6
Airport_Corridor,Weekend,15,1.065,108.6,6940.4
Airport_Corridor,Weekend,16,1.001,97.7,5867.6
Airport_Corridor,Weekend,17,1.005,84.8,5110.2
Airport_Corridor,Weekend,18,1.006,70.8,4273.9
Airport_Corridor,Weekend,19,1.005,76.2,4599.0
Airport_Corridor,Weekend,20,1.05,92.2,5807.3
Airport_Corridor,Weekend,21,1.448,84.1,7308.7
Airport_Corridor,Weekend,22,1.712,80.2,8240.3
Airport_Corridor,Weekend,23,1.747,76.1,7975.0
Downtown_CBD,Weekday,0,1.002,33.2,1992.7
Downtown_CBD,Weekday,1,1.002,32.6,1960.8
Downtown_CBD,Weekday,2,1.002,32.9,1977.0
Downtown_CBD,Weekday,3,1.002,33.9,2035.7
Downtown_CBD,Weekday,4,1.002,36.6,2202.4
Downtown_CBD,Weekday,5,1.001,49.3,2959.4
Downtown_CBD,Weekday,6,1.001,86.6,5202.0
Downtown_CBD,Weekday,7,1.002,148.9,8947.0
Downtown_CBD,Weekday,8,1.288,156.5,12089.9
Downtown_CBD,Weekday,9,1.25,161.3,12101.4
Downtown_CBD,Weekday,10,1.0,147.4,8845.2
Downtown_CBD,Weekday,11,1.001,84.7,5086.8
Downtown_CBD,Weekday,12,1.001,49.0,2941.4
Downtown_CBD,Weekday,13,1.001,38.0,2285.7
Downtown_CBD,Weekday,14,1.001,43.5,2610.9
Downtown_CBD,Weekday,15,1.001,65.5,3935.2
Downtown_CBD,Weekday,16,1.001,112.3,6740.7
Downtown_CBD,Weekday,17,1.1,168.8,11139.7
Downtown_CBD,Weekday,18,1.401,172.6,14507.3
Downtown_CBD,Weekday,19,1.368,174.9,14357.1
Downtown_CBD,Weekday,20,1.097,168.7,11102.0
Downtown_CBD,Weekday,21,1.001,108.6,6519.2
Downtown_CBD,Weekday,22,1.001,65.3,3923.8
Downtown_CBD,Weekday,23,1.001,42.3,2543.3
Downtown_CBD,Weekend,0,1.002,42.8,2572.1
Downtown_CBD,Weekend,1,1.002,42.4,2550.7
Downtown_CBD,Weekend,2,1.002,43.7,2627.3
Downtown_CBD,Weekend,3,1.002,42.7,2564.7
Downtown_CBD,Weekend,4,1.002,43.8,2630.8
Downtown_CBD,Weekend,5,1.002,45.5,2735.8
Downtown_CBD,Weekend,6,1.002,50.7,3046.7
Downtown_CBD,Weekend,7,1.007,57.6,3475.6
Downtown_CBD,Weekend,8,1.005,70.6,4256.0
Downtown_CBD,Weekend,9,1.004,93.4,5624.2
Downtown_CBD,Weekend,10,1.001,117.7,7068.6
Downtown_CBD,Weekend,11,1.0,145.3,8724.0
Downtown_CBD,Weekend,12,1.099,157.0,10355.8
Downtown_CBD,Weekend,13,1.153,166.1,11494.5
Downtown_CBD,Weekend,14,1.121,169.3,11385.2
Downtown_CBD,Weekend,15,1.022,171.2,10500.3
Downtown_CBD,Weekend,16,1.0,159.5,9576.0
Downtown_CBD,Weekend,17,1.002,127.3,7653.8
Downtown_CBD,Weekend,18,1.003,116.9,7034.4
Downtown_CBD,Weekend,19,1.003,117.3,7054.6
Downtown_CBD,Weekend,20,1.052,142.8,9011.9
Downtown_CBD,Weekend,21,1.341,135.8,10931.1
Downtown_CBD,Weekend,22,1.663,125.5,12525.7
Downtown_CBD,Weekend,23,1.699,120.3,12261.5
Suburban_Residential,Weekday,0,1.0,12.7,763.5
Suburban_Residential,Weekday,1,1.0,12.9,772.9
Suburban_Residential,Weekday,2,1.0,12.8,769.9
Suburban_Residential,Weekday,3,1.0,13.1,787.5
Suburban_Residential,Weekday,4,1.0,14.4,862.9
Suburban_Residential,Weekday,5,1.0,19.4,1163.0
Suburban_Residential,Weekday,6,1.0,33.8,2026.7
Suburban_Residential,Weekday,7,1.0,60.6,3633.1
Suburban_Residential,Weekday,8,1.0,79.4,4761.6
Suburban_Residential,Weekday,9,1.0,78.9,4732.0
Suburban_Residential,Weekday,10,1.0,56.5,3388.5
Suburban_Residential,Weekday,11,1.0,34.2,2050.5
Suburban_Residential,Weekday,12,1.0,19.2,1150.4
Suburban_Residential,Weekday,13,1.0,15.1,908.2
Suburban_Residential,Weekday,14,1.0,16.9,1014.0
Suburban_Residential,Weekday,15,1.0,26.3,1576.0
Suburban_Residential,Weekday,16,1.0,45.1,2707.8
Suburban_Residential,Weekday,17,1.0,72.6,4353.3
Suburban_Residential,Weekday,18,1.025,94.5,5813.5
Suburban_Residential,Weekday,19,1.005,94.7,5708.9
Suburban_Residential,Weekday,20,1.0,74.3,4456.1
Suburban_Residential,Weekday,21,1.0,45.4,2726.1
Suburban_Residential,Weekday,22,1.0,26.1,1566.9
Suburban_Residential,Weekday,23,1.0,16.6,994.6
Suburban_Residential,Weekend,0,1.0,16.5,989.2
Suburban_Residential,Weekend,1,1.0,16.7,1000.3
Suburban_Residential,Weekend,2,1.0,16.9,1011.7
Suburban_Residential,Weekend,3,1.0,17.2,1033.0
Suburban_Residential,Weekend,4,1.0,17.3,1036.4
Suburban_Residential,Weekend,5,1.0,18.4,1102.2
Suburban_Residential,Weekend,6,1.0,19.2,1151.0
Suburban_Residential,Weekend,7,1.0,22.4,1344.2
Suburban_Residential,Weekend,8,1.0,27.9,1676.1
Suburban_Residential,Weekend,9,1.0,35.9,2152.2
Suburban_Residential,Weekend,10,1.0,47.6,2856.9
Suburban_Residential,Weekend,11,1.0,58.3,3497.7
Suburban_Residential,Weekend,12,1.0,71.7,4301.8
Suburban_Residential,Weekend,13,1.0,76.2,4571.6
Suburban_Residential,Weekend,14,1.0,77.1,4625.6
Suburban_Residential,Weekend,15,1.0,71.0,4258.5
Suburban_Residential,Weekend,16,1.0,59.8,3587.1
Suburban_Residential,Weekend,17,1.0,50.9,3053.8
Suburban_Residential,Weekend,18,1.0,44.3,2658.7
Suburban_Residential,Weekend,19,1.0,47.9,2872.9
Suburban_Residential,Weekend,20,1.0,58.2,3492.1
Suburban_Residential,Weekend,21,1.0,72.4,4344.7
Suburban_Residential,Weekend,22,1.159,70.7,4917.4
Suburban_Residential,Weekend,23,1.268,65.3,4969.9
