zone_id,day_type,policy,total_revenue,avg_surge,avg_fulfillment,avg_utilization,avg_churn_risk,total_completed_trips
Airport_Corridor,Weekday,Static,85590.84331289654,1.0,0.6268676145585718,0.604003485912982,0.02,1426.5140552149423
Airport_Corridor,Weekday,Rule-Based (as-is),95681.11558210407,1.292421361761367,0.5487691991891332,0.47805323679301354,0.028309408509634277,1109.6411291936913
Airport_Corridor,Weekday,OR-Optimized (SciPy NLP),95639.73916046982,1.0675,0.6253108807995621,0.6024614436265333,0.020452083333333333,1422.8845885183482
Airport_Corridor,Weekday,OR-Optimized (PuLP MILP),95732.72299344093,1.1833333333333333,0.5861540617409919,0.5313779389403,0.024791666666666667,1243.0091856559027
Airport_Corridor,Weekend,Static,96397.48021403186,1.0,0.6127027726336886,0.7383525362098696,0.02,1606.6246702338644
Airport_Corridor,Weekend,Rule-Based (as-is),108659.56401027786,1.4282682924206584,0.500589236584767,0.5592017608768698,0.03223305868418594,1190.2859489467046
Airport_Corridor,Weekend,OR-Optimized (SciPy NLP),109162.31100386276,1.1068749999999998,0.6106436732273239,0.7363740869282664,0.022097916666666665,1602.503981858783
Airport_Corridor,Weekend,OR-Optimized (PuLP MILP),109143.00422290296,1.3375000000000001,0.5211579379737681,0.6258781455158556,0.028333333333333332,1350.1374981678678
Downtown_CBD,Weekday,Static,132962.48462427803,1.0,0.6266638919200523,0.5999230508138819,0.02,2216.0414104046345
Downtown_CBD,Weekday,Rule-Based (as-is),147974.70595109995,1.2866626684457887,0.5494089144475037,0.47553017277274917,0.028106061696390443,1726.1822197041843
Downtown_CBD,Weekday,OR-Optimized (SciPy NLP),148008.99230601924,1.063625,0.6258306909304486,0.5991406696885812,0.020352083333333333,2213.2254104825292
Downtown_CBD,Weekday,OR-Optimized (PuLP MILP),148108.21120874246,1.1833333333333333,0.5851474441363752,0.5258217741910879,0.024791666666666667,1923.9712473995078
Downtown_CBD,Weekend,Static,150515.7532705191,1.0,0.6169155617075122,0.7348890824020596,0.02,2508.5958878419856
Downtown_CBD,Weekend,Rule-Based (as-is),166615.05832877045,1.4101921956725778,0.502405693390787,0.555200271051325,0.03125514442849789,1853.9312487916222
Downtown_CBD,Weekend,OR-Optimized (SciPy NLP),167663.73244680214,1.0912083333333333,0.6157664806059834,0.7338480896099524,0.021672916666666667,2505.2901036119747
Downtown_CBD,Weekend,OR-Optimized (PuLP MILP),167579.1213518621,1.3166666666666667,0.5291515916623867,0.6280390002578395,0.027916666666666663,2131.5994991902107
Suburban_Residential,Weekday,Static,58519.09866919652,1.0,0.6598341382654005,0.48073739438781077,0.02,975.3183111532753
Suburban_Residential,Weekday,Rule-Based (as-is),58267.54159162959,1.1368871291008436,0.5962544061045651,0.3959060249566854,0.02213972650921217,791.2997028617785
Suburban_Residential,Weekday,OR-Optimized (SciPy NLP),58687.84939914161,1.00125,0.659827237742301,0.48072679440068594,0.02,975.294238200922
Suburban_Residential,Weekday,OR-Optimized (PuLP MILP),58631.04356950389,1.0083333333333333,0.65580800940341,0.4744782048527107,0.02,961.1166951853221
Suburban_Residential,Weekend,Static,64779.89354754325,1.0,0.6483847391899037,0.5803320716280291,0.02,1079.664892459054
Suburban_Residential,Weekend,Rule-Based (as-is),65874.56021739786,1.193659667066274,0.5695568429944754,0.4750612352591781,0.02340128655312937,877.2735808701534
Suburban_Residential,Weekend,OR-Optimized (SciPy NLP),66503.52023410078,1.0177916666666667,0.6483787883939156,0.58032155099816,0.02,1079.6470334794387
Suburban_Residential,Weekend,OR-Optimized (PuLP MILP),66459.92188566181,1.0291666666666666,0.6440906345787453,0.5721363771082401,0.020416666666666666,1066.6247510534204
