zone_id,day_type,policy,hour,surge,revenue,completed_trips
Airport_Corridor,Weekday,Static,0,1.0,1271.7437622070313,21.19572937011719
Airport_Corridor,Weekday,Static,1,1.0,1290.7069453125,21.511782421875
Airport_Corridor,Weekday,Static,2,1.0,1299.4687932128907,21.657813220214845
Airport_Corridor,Weekday,Static,3,1.0,1292.7392595703125,21.545654326171874
Airport_Corridor,Weekday,Static,4,1.0,1419.838224169922,23.66397040283203
Airport_Corridor,Weekday,Static,5,1.0,1876.096236328125,31.26827060546875
Airport_Corridor,Weekday,Static,6,1.0,3279.6378546875,54.660630911458334
Airport_Corridor,Weekday,Static,7,1.0,5695.333722092738,94.92222870154563
Airport_Corridor,Weekday,Static,8,1.0,6002.709374999999,100.04515624999999
Airport_Corridor,Weekday,Static,9,1.0,6190.03125,103.1671875
Airport_Corridor,Weekday,Static,10,1.0,5748.859897264475,95.81433162107459
Airport_Corridor,Weekday,Static,11,1.0,3315.8545517045454,55.26424252840909
Airport_Corridor,Weekday,Static,12,1.0,1914.6405887695312,31.910676479492185
Airport_Corridor,Weekday,Static,13,1.0,1489.1750323242188,24.819583872070314
Airport_Corridor,Weekday,Static,14,1.0,1676.7371818359372,27.94561969726562
Airport_Corridor,Weekday,Static,15,1.0,2538.2754,42.30459
Airport_Corridor,Weekday,Static,16,1.0,4426.874883387512,73.78124805645854
Airport_Corridor,Weekday,Static,17,1.0,6532.378125,108.87296875
Airport_Corridor,Weekday,Static,18,1.0,6676.434375000001,111.27390625000001
Airport_Corridor,Weekday,Static,19,1.0,6732.375,112.20625
Airport_Corridor,Weekday,Static,20,1.0,6604.40625,110.0734375
Airport_Corridor,Weekday,Static,21,1.0,4141.324124999999,69.02206874999999
Airport_Corridor,Weekday,Static,22,1.0,2520.8095341796875,42.013492236328126
Airport_Corridor,Weekday,Static,23,1.0,1654.3929458496093,27.573215764160157
Airport_Corridor,Weekday,Rule-Based (as-is),0,1.0,1271.7437622070313,21.19572937011719
Airport_Corridor,Weekday,Rule-Based (as-is),1,1.0,1290.7069453125,21.511782421875
Airport_Corridor,Weekday,Rule-Based (as-is),2,1.0,1299.4687932128907,21.657813220214845
Airport_Corridor,Weekday,Rule-Based (as-is),3,1.0,1292.7392595703125,21.545654326171874
Airport_Corridor,Weekday,Rule-Based (as-is),4,1.0,1419.838224169922,23.66397040283203
Airport_Corridor,Weekday,Rule-Based (as-is),5,1.0,1876.096236328125,31.26827060546875
Airport_Corridor,Weekday,Rule-Based (as-is),6,1.1401322992700729,3271.0470093004433,47.81677546536498
Airport_Corridor,Weekday,Rule-Based (as-is),7,1.5781370810995536,5710.9458895061725,60.313158236831995
Airport_Corridor,Weekday,Rule-Based (as-is),8,1.93098491462449,7816.628853633061,67.4666832319016
Airport_Corridor,Weekday,Rule-Based (as-is),9,1.9022209096278795,7908.4031316348055,69.29096310184325
Airport_Corridor,Weekday,Rule-Based (as-is),10,1.5054380844600632,5702.0164621828235,63.12687893579601
Airport_Corridor,Weekday,Rule-Based (as-is),11,1.0402301815656314,3313.2399032721373,53.0850440922835
Airport_Corridor,Weekday,Rule-Based (as-is),12,1.0,1914.6405887695312,31.910676479492185
Airport_Corridor,Weekday,Rule-Based (as-is),13,1.0,1489.1750323242188,24.819583872070314
Airport_Corridor,Weekday,Rule-Based (as-is),14,1.0,1676.7371818359372,27.94561969726562
Airport_Corridor,Weekday,Rule-Based (as-is),15,1.0,2538.2754,42.30459
Airport_Corridor,Weekday,Rule-Based (as-is),16,1.2154399178363575,4409.634338198604,60.46691782796815
Airport_Corridor,Weekday,Rule-Based (as-is),17,1.6881658239892534,7151.4510233753535,70.60375746023156
Airport_Corridor,Weekday,Rule-Based (as-is),18,2.059838265091911,9429.310676960622,76.29491140768343
Airport_Corridor,Weekday,Rule-Based (as-is),19,2.043635047067342,9415.051528429434,76.78353613038871
Airport_Corridor,Weekday,Rule-Based (as-is),20,1.68009595866396,7184.803587050771,71.27374233199795
Airport_Corridor,Weekday,Rule-Based (as-is),21,1.23379419897629,4123.959274800082,55.70836257540405
Airport_Corridor,Weekday,Rule-Based (as-is),22,1.0,2520.8095341796875,42.013492236328126
Airport_Corridor,Weekday,Rule-Based (as-is),23,1.0,1654.3929458496093,27.573215764160157
Airport_Corridor,Weekday,OR-Optimized (SciPy NLP),0,1.003,1271.6675740920818,21.131066369094086
Airport_Corridor,Weekday,OR-Optimized (SciPy NLP),1,1.003,1290.629621143876,21.446155220071056
Airport_Corridor,Weekday,OR-Optimized (SciPy NLP),2,1.003,1299.3909441361093,21.591740514059644
Airport_Corridor,Weekday,OR-Optimized (SciPy NLP),3,1.003,1292.6618136490235,21.479923789448716
Airport_Corridor,Weekday,OR-Optimized (SciPy NLP),4,1.003,1419.7531639549263,23.591777400380966
Airport_Corridor,Weekday,OR-Optimized (SciPy NLP),5,1.002,1876.0212689204734,31.20461192482491
Airport_Corridor,Weekday,OR-Optimized (SciPy NLP),6,1.001,3279.5722953602053,54.60493332268074
Airport_Corridor,Weekday,OR-Optimized (SciPy NLP),7,1.004,5695.470139086604,94.54631704991043
Airport_Corridor,Weekday,OR-Optimized (SciPy NLP),8,1.303,7798.202070674446,99.74676478222624
Airport_Corridor,Weekday,OR-Optimized (SciPy NLP),9,1.279,7889.590404159229,102.80936153452215
Airport_Corridor,Weekday,OR-Optimized (SciPy NLP),10,1.001,5748.744978665448,95.71669961147933
Airport_Corridor,Weekday,OR-Optimized (SciPy NLP),11,1.001,3315.788268412472,55.20792987699754
Airport_Corridor,Weekday,OR-Optimized (SciPy NLP),12,1.002,1914.5640811582768,31.845709932772404
Airport_Corridor,Weekday,OR-Optimized (SciPy NLP),13,1.003,1489.0858182530246,24.74386537475947
Airport_Corridor,Weekday,OR-Optimized (SciPy NLP),14,1.003,1676.6367312192754,27.86036442704014
Airport_Corridor,Weekday,OR-Optimized (SciPy NLP),15,1.002,2538.173972406383,42.218462614876636
Airport_Corridor,Weekday,OR-Optimized (SciPy NLP),16,1.001,4426.786391013588,73.70606711644336
Airport_Corridor,Weekday,OR-Optimized (SciPy NLP),17,1.095,7132.900449425172,108.5677389562431
Airport_Corridor,Weekday,OR-Optimized (SciPy NLP),18,1.414,9408.050563173956,110.8916850916308
Airport_Corridor,Weekday,OR-Optimized (SciPy NLP),19,1.4,9393.707853729511,111.8298554015418
Airport_Corridor,Weekday,OR-Optimized (SciPy NLP),20,1.088,7166.096778756046,109.77476683143452
Airport_Corridor,Weekday,OR-Optimized (SciPy NLP),21,1.001,4141.241340730585,68.95173727490152
Airport_Corridor,Weekday,OR-Optimized (SciPy NLP),22,1.002,2520.7088045090545,41.92795749349725
Airport_Corridor,Weekday,OR-Optimized (SciPy NLP),23,1.003,1654.29383384004,27.489096607511467
Airport_Corridor,Weekday,OR-Optimized (PuLP MILP),0,1.0,1271.7437622070313,21.19572937011719
Airport_Corridor,Weekday,OR-Optimized (PuLP MILP),1,1.0,1290.7069453125,21.511782421875
Airport_Corridor,Weekday,OR-Optimized (PuLP MILP),2,1.0,1299.4687932128907,21.657813220214845
Airport_Corridor,Weekday,OR-Optimized (PuLP MILP),3,1.0,1292.7392595703125,21.545654326171874
Airport_Corridor,Weekday,OR-Optimized (PuLP MILP),4,1.0,1419.838224169922,23.66397040283203
Airport_Corridor,Weekday,OR-Optimized (PuLP MILP),5,1.0,1876.096236328125,31.26827060546875
Airport_Corridor,Weekday,OR-Optimized (PuLP MILP),6,1.0,3279.6378546875,54.660630911458334
Airport_Corridor,Weekday,OR-Optimized (PuLP MILP),7,1.5,5709.206144220235,63.43562382466927
Airport_Corridor,Weekday,OR-Optimized (PuLP MILP),8,1.8,7813.335142320539,72.34569576222721
Airport_Corridor,Weekday,OR-Optimized (PuLP MILP),9,1.5,7897.138982263822,87.74598869182024
Airport_Corridor,Weekday,OR-Optimized (PuLP MILP),10,1.0,5748.859897264475,95.81433162107459
Airport_Corridor,Weekday,OR-Optimized (PuLP MILP),11,1.0,3315.8545517045454,55.26424252840909
Airport_Corridor,Weekday,OR-Optimized (PuLP MILP),12,1.0,1914.6405887695312,31.910676479492185
Airport_Corridor,Weekday,OR-Optimized (PuLP MILP),13,1.0,1489.1750323242188,24.819583872070314
Airport_Corridor,Weekday,OR-Optimized (PuLP MILP),14,1.0,1676.7371818359372,27.94561969726562
Airport_Corridor,Weekday,OR-Optimized (PuLP MILP),15,1.0,2538.2754,42.30459
Airport_Corridor,Weekday,OR-Optimized (PuLP MILP),16,1.0,4426.874883387512,73.78124805645854
Airport_Corridor,Weekday,OR-Optimized (PuLP MILP),17,1.5,7146.381976243301,79.40424418048113
Airport_Corridor,Weekday,OR-Optimized (PuLP MILP),18,1.8,9421.68502719778,87.23782432590538
Airport_Corridor,Weekday,OR-Optimized (PuLP MILP),19,1.8,9407.883184351134,87.11002948473272
Airport_Corridor,Weekday,OR-Optimized (PuLP MILP),20,1.5,7179.917321040314,79.77685912267016
Airport_Corridor,Weekday,OR-Optimized (PuLP MILP),21,1.0,4141.324124999999,69.02206874999999
Airport_Corridor,Weekday,OR-Optimized (PuLP MILP),22,1.0,2520.8095341796875,42.013492236328126
Airport_Corridor,Weekday,OR-Optimized (PuLP MILP),23,1.0,1654.3929458496093,27.573215764160157
Airport_Corridor,Weekend,Static,0,1.0,1665.7463502958576,27.762439171597627
Airport_Corridor,Weekend,Static,1,1.0,1655.1825488165682,27.58637581360947
Airport_Corridor,Weekend,Static,2,1.0,1646.9723870769233,27.44953978461539
Airport_Corridor,Weekend,Static,3,1.0,1679.088971076923,27.984816184615383
Airport_Corridor,Weekend,Static,4,1.0,1641.0014343195267,27.350023905325443
Airport_Corridor,Weekend,Static,5,1.0,1722.8751568047333,28.714585946745554
Airport_Corridor,Weekend,Static,6,1.0,1922.0576804733728,32.034294674556214
Airport_Corridor,Weekend,Static,7,1.0,2253.4815538461535,37.55802589743589
Airport_Corridor,Weekend,Static,8,1.0,2757.969383076923,45.96615638461538
Airport_Corridor,Weekend,Static,9,1.0,3571.919091303692,59.53198485506153
Airport_Corridor,Weekend,Static,10,1.0,4667.146983279234,77.78578305465389
Airport_Corridor,Weekend,Static,11,1.0,5781.900000000001,96.36500000000001
Airport_Corridor,Weekend,Static,12,1.0,6086.400000000001,101.44000000000001
Airport_Corridor,Weekend,Static,13,1.0,6350.4000000000015,105.84000000000002
Airport_Corridor,Weekend,Static,14,1.0,6637.5,110.625
Airport_Corridor,Weekend,Static,15,1.0,6521.4,108.69
Airport_Corridor,Weekend,Static,16,1.0,5867.749767117082,97.79582945195138
Airport_Corridor,Weekend,Static,17,1.0,5110.148518532498,85.16914197554163
Airport_Corridor,Weekend,Static,18,1.0,4273.859217558692,71.23098695931154
Airport_Corridor,Weekend,Static,19,1.0,4598.981170453688,76.64968617422814
Airport_Corridor,Weekend,Static,20,1.0,5551.2,92.52
Airport_Corridor,Weekend,Static,21,1.0,5049.599999999999,84.16
Airport_Corridor,Weekend,Static,22,1.0,4816.5,80.275
Airport_Corridor,Weekend,Static,23,1.0,4568.4,76.14
Airport_Corridor,Weekend,Rule-Based (as-is),0,1.0,1665.7463502958576,27.762439171597627
Airport_Corridor,Weekend,Rule-Based (as-is),1,1.0,1655.1825488165682,27.58637581360947
Airport_Corridor,Weekend,Rule-Based (as-is),2,1.0,1646.9723870769233,27.44953978461539
Airport_Corridor,Weekend,Rule-Based (as-is),3,1.0,1679.088971076923,27.984816184615383
Airport_Corridor,Weekend,Rule-Based (as-is),4,1.0,1641.0014343195267,27.350023905325443
Airport_Corridor,Weekend,Rule-Based (as-is),5,1.0,1722.8751568047333,28.714585946745554
Airport_Corridor,Weekend,Rule-Based (as-is),6,1.0,1922.0576804733728,32.034294674556214
Airport_Corridor,Weekend,Rule-Based (as-is),7,1.0,2253.4815538461535,37.55802589743589
Airport_Corridor,Weekend,Rule-Based (as-is),8,1.0763703703703704,2759.1874821284446,42.72363797941642
Airport_Corridor,Weekend,Rule-Based (as-is),9,1.2011515220613385,3575.84923481982,49.6169601856056
Airport_Corridor,Weekend,Rule-Based (as-is),10,1.3927019137204024,4636.3297309898635,55.48363323257232
Airport_Corridor,Weekend,Rule-Based (as-is),11,1.6041405074456492,5842.913861874446,60.70658851011335
Airport_Corridor,Weekend,Rule-Based (as-is),12,1.7062598580441637,6664.011807766097,65.09375634616465
Airport_Corridor,Weekend,Rule-Based (as-is),13,1.8428287981859408,7668.188377785931,69.35160756960899
Airport_Corridor,Weekend,Rule-Based (as-is),14,1.7380610169491528,7441.59004760935,71.35911776629968
Airport_Corridor,Weekend,Rule-Based (as-is),15,1.6577974054650841,6879.351401540453,69.16156118616613
Airport_Corridor,Weekend,Rule-Based (as-is),16,1.4672522189349113,5822.92892850966,66.14323987569732
Airport_Corridor,Weekend,Rule-Based (as-is),17,1.3584326437219947,5119.549554216678,62.81196664254585
Airport_Corridor,Weekend,Rule-Based (as-is),18,1.229048957254844,4279.151152518298,58.027945473059695
Airport_Corridor,Weekend,Rule-Based (as-is),19,1.3238168172767653,4606.728300422127,57.9980583453969
Airport_Corridor,Weekend,Rule-Based (as-is),20,1.6344682230869,5822.823658742907,59.375312170806716
Airport_Corridor,Weekend,Rule-Based (as-is),21,2.1211501901140686,7253.2209523194015,56.991257118615025
Airport_Corridor,Weekend,Rule-Based (as-is),22,2.4412706322018063,8182.130896073999,55.859783208430095
Airport_Corridor,Weekend,Rule-Based (as-is),23,2.483687943262411,7919.20254025033,53.14142195770496
Airport_Corridor,Weekend,OR-Optimized (SciPy NLP),0,1.003,1665.6465581221632,27.677742740481282
Airport_Corridor,Weekend,OR-Optimized (SciPy NLP),1,1.003,1655.0833895031603,27.50221650885943
Airport_Corridor,Weekend,OR-Optimized (SciPy NLP),2,1.003,1646.873719621046,27.36579793321778
Airport_Corridor,Weekend,OR-Optimized (SciPy NLP),3,1.003,1678.9883795683659,27.899441335466367
Airport_Corridor,Weekend,OR-Optimized (SciPy NLP),4,1.003,1640.9031245737858,27.266585652605286
Airport_Corridor,Weekend,OR-Optimized (SciPy NLP),5,1.003,1722.771942136503,28.62698474803096
Airport_Corridor,Weekend,OR-Optimized (SciPy NLP),6,1.003,1921.9425331018263,31.936565854134702
Airport_Corridor,Weekend,OR-Optimized (SciPy NLP),7,1.011,2253.629476419352,37.1518212400157
Airport_Corridor,Weekend,OR-Optimized (SciPy NLP),8,1.01,2758.13404423924,45.51376310625809
Airport_Corridor,Weekend,OR-Optimized (SciPy NLP),9,1.008,3572.089865329685,59.06233242939293
Airport_Corridor,Weekend,OR-Optimized (SciPy NLP),10,1.001,4667.053687912437,77.7065216102637
Airport_Corridor,Weekend,OR-Optimized (SciPy NLP),11,1.021,5895.950342695243,96.24470033782639
Airport_Corridor,Weekend,OR-Optimized (SciPy NLP),12,1.105,6722.168831100358,101.3901784479692
Airport_Corridor,Weekend,OR-Optimized (SciPy NLP),13,1.218,7731.958730716131,105.80129626048345
Airport_Corridor,Weekend,OR-Optimized (SciPy NLP),14,1.131,7505.813854317672,110.60733649156604
Airport_Corridor,Weekend,OR-Optimized (SciPy NLP),15,1.065,6940.505952145134,108.61511662198959
Airport_Corridor,Weekend,OR-Optimized (SciPy NLP),16,1.001,5867.632471932519,97.6961783538548
Airport_Corridor,Weekend,OR-Optimized (SciPy NLP),17,1.005,5110.301443287824,84.7479509666306
Airport_Corridor,Weekend,OR-Optimized (SciPy NLP),18,1.006,4274.012619504735,70.80869150935611
Airport_Corridor,Weekend,OR-Optimized (SciPy NLP),19,1.005,4599.118798169927,76.27062683532218
Airport_Corridor,Weekend,OR-Optimized (SciPy NLP),20,1.05,5807.383613699178,92.18069228093933
Airport_Corridor,Weekend,OR-Optimized (SciPy NLP),21,1.448,7308.814922364969,84.12540196092276
Airport_Corridor,Weekend,OR-Optimized (SciPy NLP),22,1.712,8240.40707470915,80.22203149054859
Airport_Corridor,Weekend,OR-Optimized (SciPy NLP),23,1.747,7975.125628692346,76.08400714264783
Airport_Corridor,Weekend,OR-Optimized (PuLP MILP),0,1.0,1665.7463502958576,27.762439171597627
Airport_Corridor,Weekend,OR-Optimized (PuLP MILP),1,1.0,1655.1825488165682,27.58637581360947
Airport_Corridor,Weekend,OR-Optimized (PuLP MILP),2,1.0,1646.9723870769233,27.44953978461539
Airport_Corridor,Weekend,OR-Optimized (PuLP MILP),3,1.0,1679.088971076923,27.984816184615383
Airport_Corridor,Weekend,OR-Optimized (PuLP MILP),4,1.0,1641.0014343195267,27.350023905325443
Airport_Corridor,Weekend,OR-Optimized (PuLP MILP),5,1.0,1722.8751568047333,28.714585946745554
Airport_Corridor,Weekend,OR-Optimized (PuLP MILP),6,1.0,1922.0576804733728,32.034294674556214
Airport_Corridor,Weekend,OR-Optimized (PuLP MILP),7,1.5,2258.9704766901677,25.099671963224086
Airport_Corridor,Weekend,OR-Optimized (PuLP MILP),8,1.8,2767.7131404832144,25.626973522992724
Airport_Corridor,Weekend,OR-Optimized (PuLP MILP),9,1.5,3580.6194013922145,39.78466001546905
Airport_Corridor,Weekend,OR-Optimized (PuLP MILP),10,1.0,4667.146983279234,77.78578305465389
Airport_Corridor,Weekend,OR-Optimized (PuLP MILP),11,1.2,5876.932559852131,81.6240633312796
Airport_Corridor,Weekend,OR-Optimized (PuLP MILP),12,1.2,6711.089589599233,93.20957763332268
Airport_Corridor,Weekend,OR-Optimized (PuLP MILP),13,1.5,7699.8213330455155,85.5535703671724
Airport_Corridor,Weekend,OR-Optimized (PuLP MILP),14,1.2,7496.929326912899,104.12401842934582
Airport_Corridor,Weekend,OR-Optimized (PuLP MILP),15,1.2,6923.95917041448,96.16609958909
Airport_Corridor,Weekend,OR-Optimized (PuLP MILP),16,1.0,5867.749767117082,97.79582945195138
Airport_Corridor,Weekend,OR-Optimized (PuLP MILP),17,1.5,5122.5955744632665,56.91772860514741
Airport_Corridor,Weekend,OR-Optimized (PuLP MILP),18,1.8,4288.9585321704,39.71257900157777
Airport_Corridor,Weekend,OR-Optimized (PuLP MILP),19,1.8,4615.229123428065,42.7336029947043
Airport_Corridor,Weekend,OR-Optimized (PuLP MILP),20,1.8,5826.194971749777,53.946249738423866
Airport_Corridor,Weekend,OR-Optimized (PuLP MILP),21,1.5,7303.659376554812,81.15177085060903
Airport_Corridor,Weekend,OR-Optimized (PuLP MILP),22,1.8,8232.150306959782,76.22361395333132
Airport_Corridor,Weekend,OR-Optimized (PuLP MILP),23,1.8,7970.3600599267875,73.7996301845073
Downtown_CBD,Weekday,Static,0,1.0,1992.8814834960938,33.21469139160156
Downtown_CBD,Weekday,Static,1,1.0,1960.9889633789064,32.68314938964844
Downtown_CBD,Weekday,Static,2,1.0,1977.1716357421874,32.95286059570312
Downtown_CBD,Weekday,Static,3,1.0,2035.8766593750001,33.93127765625
Downtown_CBD,Weekday,Static,4,1.0,2202.5719854492186,36.70953309082031
Downtown_CBD,Weekday,Static,5,1.0,2959.614749121093,49.326912485351556
Downtown_CBD,Weekday,Static,6,1.0,5202.231643749999,86.70386072916666
Downtown_CBD,Weekday,Static,7,1.0,8947.008182376452,149.11680303960753
Downtown_CBD,Weekday,Static,8,1.0,9402.16875,156.70281250000002
Downtown_CBD,Weekday,Static,9,1.0,9694.303125,161.57171875
Downtown_CBD,Weekday,Static,10,1.0,8845.386102579942,147.4231017096657
Downtown_CBD,Weekday,Static,11,1.0,5087.029586538462,84.7838264423077
Downtown_CBD,Weekday,Static,12,1.0,2941.5973406249996,49.02662234374999
Downtown_CBD,Weekday,Static,13,1.0,2285.91612421875,38.0986020703125
Downtown_CBD,Weekday,Static,14,1.0,2611.0486494140628,43.51747749023438
Downtown_CBD,Weekday,Static,15,1.0,3935.427258984375,65.59045431640625
Downtown_CBD,Weekday,Static,16,1.0,6740.8383,112.347305
Downtown_CBD,Weekday,Static,17,1.0,10142.071875000001,169.03453125000001
Downtown_CBD,Weekday,Static,18,1.0,10369.246874999999,172.82078124999998
Downtown_CBD,Weekday,Static,19,1.0,10506.478125000001,175.10796875000003
Downtown_CBD,Weekday,Static,20,1.0,10135.734375,168.92890625
Downtown_CBD,Weekday,Static,21,1.0,6519.408056249999,108.6568009375
Downtown_CBD,Weekday,Static,22,1.0,3924.0288391113286,65.40048065185547
Downtown_CBD,Weekday,Static,23,1.0,2543.4559388671873,42.390932314453124
Downtown_CBD,Weekday,Rule-Based (as-is),0,1.0,1992.8814834960938,33.21469139160156
Downtown_CBD,Weekday,Rule-Based (as-is),1,1.0,1960.9889633789064,32.68314938964844
Downtown_CBD,Weekday,Rule-Based (as-is),2,1.0,1977.1716357421874,32.95286059570312
Downtown_CBD,Weekday,Rule-Based (as-is),3,1.0,2035.8766593750001,33.93127765625
Downtown_CBD,Weekday,Rule-Based (as-is),4,1.0,2202.5719854492186,36.70953309082031
Downtown_CBD,Weekday,Rule-Based (as-is),5,1.0,2959.614749121093,49.326912485351556
Downtown_CBD,Weekday,Rule-Based (as-is),6,1.13467276993945,5185.17060111413,76.16249575036551
Downtown_CBD,Weekday,Rule-Based (as-is),7,1.571185823522272,8963.192933088065,95.07885486766135
Downtown_CBD,Weekday,Rule-Based (as-is),8,1.9196380888186035,12109.367960501677,105.13585895032003
Downtown_CBD,Weekday,Rule-Based (as-is),9,1.8754132984674956,12121.12872696934,107.71962227272061
Downtown_CBD,Weekday,Rule-Based (as-is),10,1.4631014586067703,8758.296814959518,99.7686200939607
Downtown_CBD,Weekday,Rule-Based (as-is),11,1.0252818810651938,5083.728376791348,82.63952367111831
Downtown_CBD,Weekday,Rule-Based (as-is),12,1.0,2941.5973406249996,49.02662234374999
Downtown_CBD,Weekday,Rule-Based (as-is),13,1.0,2285.91612421875,38.0986020703125
Downtown_CBD,Weekday,Rule-Based (as-is),14,1.0,2611.0486494140628,43.51747749023438
Downtown_CBD,Weekday,Rule-Based (as-is),15,1.0,3935.427258984375,65.59045431640625
Downtown_CBD,Weekday,Rule-Based (as-is),16,1.2034965034965035,6708.452417444866,92.90225602310825
Downtown_CBD,Weekday,Rule-Based (as-is),17,1.6988716247882043,11159.222634694284,109.47680872282396
Downtown_CBD,Weekday,Rule-Based (as-is),18,2.052864916961484,14529.62495306318,117.96217758098582
Downtown_CBD,Weekday,Rule-Based (as-is),19,2.014537102555477,14379.450099900429,118.96405450214705
Downtown_CBD,Weekday,Rule-Based (as-is),20,1.695297300547105,11121.466323673572,109.33644028183592
Downtown_CBD,Weekday,Rule-Based (as-is),21,1.2255432739303707,6485.024481116339,88.19251319074986
Downtown_CBD,Weekday,Rule-Based (as-is),22,1.0,3924.0288391113286,65.40048065185547
Downtown_CBD,Weekday,Rule-Based (as-is),23,1.0,2543.4559388671873,42.390932314453124
Downtown_CBD,Weekday,OR-Optimized (SciPy NLP),0,1.002,1992.777959839773,33.1466726520255
Downtown_CBD,Weekday,OR-Optimized (SciPy NLP),1,1.002,1960.887096434397,32.61621916890215
Downtown_CBD,Weekday,OR-Optimized (SciPy NLP),2,1.002,1977.0689281609286,32.88537804658897
Downtown_CBD,Weekday,OR-Optimized (SciPy NLP),3,1.002,2035.770902260319,33.86179145476246
Downtown_CBD,Weekday,OR-Optimized (SciPy NLP),4,1.002,2202.4575690591164,36.63435743611305
Downtown_CBD,Weekday,OR-Optimized (SciPy NLP),5,1.001,2959.537838586319,49.276354288816506
Downtown_CBD,Weekday,OR-Optimized (SciPy NLP),6,1.001,5202.0964550678045,86.61499259187154
Downtown_CBD,Weekday,OR-Optimized (SciPy NLP),7,1.002,8947.07968724687,148.82035407928927
Downtown_CBD,Weekday,OR-Optimized (SciPy NLP),8,1.288,12090.054596867767,156.44480586009016
Downtown_CBD,Weekday,OR-Optimized (SciPy NLP),9,1.25,12101.475212432875,161.35300283243834
Downtown_CBD,Weekday,OR-Optimized (SciPy NLP),10,1.0,8845.386102579942,147.4231017096657
Downtown_CBD,Weekday,OR-Optimized (SciPy NLP),11,1.001,5086.897391574226,84.69692626663713
Downtown_CBD,Weekday,OR-Optimized (SciPy NLP),12,1.001,2941.5208983026923,48.976371933111764
Downtown_CBD,Weekday,OR-Optimized (SciPy NLP),13,1.001,2285.856720868495,38.0595524620129
Downtown_CBD,Weekday,OR-Optimized (SciPy NLP),14,1.001,2610.9807969518433,43.47287374212194
Downtown_CBD,Weekday,OR-Optimized (SciPy NLP),15,1.001,3935.3249903309484,65.52322661223691
Downtown_CBD,Weekday,OR-Optimized (SciPy NLP),16,1.001,6740.663128052829,112.23215331423293
Downtown_CBD,Weekday,OR-Optimized (SciPy NLP),17,1.1,11139.83788338301,168.78542247550016
Downtown_CBD,Weekday,OR-Optimized (SciPy NLP),18,1.401,14507.437733679782,172.58431755507712
Downtown_CBD,Weekday,OR-Optimized (SciPy NLP),19,1.368,14357.205655464597,174.91722289796047
Downtown_CBD,Weekday,OR-Optimized (SciPy NLP),20,1.097,11102.119410757568,168.67395033056167
Downtown_CBD,Weekday,OR-Optimized (SciPy NLP),21,1.001,6519.238638537722,108.54543187708497
Downtown_CBD,Weekday,OR-Optimized (SciPy NLP),22,1.001,3923.926866664889,65.33344766341807
Downtown_CBD,Weekday,OR-Optimized (SciPy NLP),23,1.001,2543.3898429144992,42.34748323200965
Downtown_CBD,Weekday,OR-Optimized (PuLP MILP),0,1.0,1992.8814834960938,33.21469139160156
Downtown_CBD,Weekday,OR-Optimized (PuLP MILP),1,1.0,1960.9889633789064,32.68314938964844
Downtown_CBD,Weekday,OR-Optimized (PuLP MILP),2,1.0,1977.1716357421874,32.95286059570312
Downtown_CBD,Weekday,OR-Optimized (PuLP MILP),3,1.0,2035.8766593750001,33.93127765625
Downtown_CBD,Weekday,OR-Optimized (PuLP MILP),4,1.0,2202.5719854492186,36.70953309082031
Downtown_CBD,Weekday,OR-Optimized (PuLP MILP),5,1.0,2959.614749121093,49.326912485351556
Downtown_CBD,Weekday,OR-Optimized (PuLP MILP),6,1.0,5202.231643749999,86.70386072916666
Downtown_CBD,Weekday,OR-Optimized (PuLP MILP),7,1.5,8961.530754545303,99.57256393939225
Downtown_CBD,Weekday,OR-Optimized (PuLP MILP),8,1.8,12106.251409920249,112.09492046222452
Downtown_CBD,Weekday,OR-Optimized (PuLP MILP),9,1.5,12110.303870551897,134.5589318950211
Downtown_CBD,Weekday,OR-Optimized (PuLP MILP),10,1.0,8845.386102579942,147.4231017096657
Downtown_CBD,Weekday,OR-Optimized (PuLP MILP),11,1.0,5087.029586538462,84.7838264423077
Downtown_CBD,Weekday,OR-Optimized (PuLP MILP),12,1.0,2941.5973406249996,49.02662234374999
Downtown_CBD,Weekday,OR-Optimized (PuLP MILP),13,1.0,2285.91612421875,38.0986020703125
Downtown_CBD,Weekday,OR-Optimized (PuLP MILP),14,1.0,2611.0486494140628,43.51747749023438
Downtown_CBD,Weekday,OR-Optimized (PuLP MILP),15,1.0,3935.427258984375,65.59045431640625
Downtown_CBD,Weekday,OR-Optimized (PuLP MILP),16,1.0,6740.8383,112.347305
Downtown_CBD,Weekday,OR-Optimized (PuLP MILP),17,1.5,11153.666762279332,123.92963069199259
Downtown_CBD,Weekday,OR-Optimized (PuLP MILP),18,1.8,14521.987303371197,134.46284540158516
Downtown_CBD,Weekday,OR-Optimized (PuLP MILP),19,1.8,14372.974894133986,133.08310087161098
Downtown_CBD,Weekday,OR-Optimized (PuLP MILP),20,1.5,11116.022897038914,123.5113655226546
Downtown_CBD,Weekday,OR-Optimized (PuLP MILP),21,1.0,6519.408056249999,108.6568009375
Downtown_CBD,Weekday,OR-Optimized (PuLP MILP),22,1.0,3924.0288391113286,65.40048065185547
Downtown_CBD,Weekday,OR-Optimized (PuLP MILP),23,1.0,2543.4559388671873,42.390932314453124
Downtown_CBD,Weekend,Static,0,1.0,2572.321462721893,42.87202437869822
Downtown_CBD,Weekend,Static,1,1.0,2550.9368538461545,42.51561423076924
Downtown_CBD,Weekend,Static,2,1.0,2627.4962822485204,43.79160470414201
Downtown_CBD,Weekend,Static,3,1.0,2564.926081952663,42.74876803254438
Downtown_CBD,Weekend,Static,4,1.0,2631.0518627218935,43.850864378698226
Downtown_CBD,Weekend,Static,5,1.0,2735.990523372781,45.599842056213014
Downtown_CBD,Weekend,Static,6,1.0,3046.9341159763308,50.78223526627218
Downtown_CBD,Weekend,Static,7,1.0,3475.648964423077,57.92748274038462
Downtown_CBD,Weekend,Static,8,1.0,4256.0127,70.93354500000001
Downtown_CBD,Weekend,Static,9,1.0,5624.244761538461,93.73741269230769
Downtown_CBD,Weekend,Static,10,1.0,7068.773290071555,117.81288816785924
Downtown_CBD,Weekend,Static,11,1.0,8724.245089713773,145.4040848285629
Downtown_CBD,Weekend,Static,12,1.0,9423.300000000001,157.055
Downtown_CBD,Weekend,Static,13,1.0,9970.800000000003,166.18000000000004
Downtown_CBD,Weekend,Static,14,1.0,10160.4,169.34
Downtown_CBD,Weekend,Static,15,1.0,10274.099999999999,171.23499999999999
Downtown_CBD,Weekend,Static,16,1.0,9576.174005724506,159.60290009540844
Downtown_CBD,Weekend,Static,17,1.0,7653.818241323791,127.56363735539652
Downtown_CBD,Weekend,Static,18,1.0,7034.456376923076,117.2409396153846
Downtown_CBD,Weekend,Static,19,1.0,7054.622657960643,117.57704429934404
Downtown_CBD,Weekend,Static,20,1.0,8585.7,143.095
Downtown_CBD,Weekend,Static,21,1.0,8152.200000000001,135.87
Downtown_CBD,Weekend,Static,22,1.0,7532.699999999999,125.54499999999999
Downtown_CBD,Weekend,Static,23,1.0,7218.900000000001,120.31500000000001
Downtown_CBD,Weekend,Rule-Based (as-is),0,1.0,2572.321462721893,42.87202437869822
Downtown_CBD,Weekend,Rule-Based (as-is),1,1.0,2550.9368538461545,42.51561423076924
Downtown_CBD,Weekend,Rule-Based (as-is),2,1.0,2627.4962822485204,43.79160470414201
Downtown_CBD,Weekend,Rule-Based (as-is),3,1.0,2564.926081952663,42.74876803254438
Downtown_CBD,Weekend,Rule-Based (as-is),4,1.0,2631.0518627218935,43.850864378698226
Downtown_CBD,Weekend,Rule-Based (as-is),5,1.0,2735.990523372781,45.599842056213014
Downtown_CBD,Weekend,Rule-Based (as-is),6,1.0,3046.9341159763308,50.78223526627218
Downtown_CBD,Weekend,Rule-Based (as-is),7,1.0,3475.648964423077,57.92748274038462
Downtown_CBD,Weekend,Rule-Based (as-is),8,1.0876826722338206,4257.443802563469,65.23722269443063
Downtown_CBD,Weekend,Rule-Based (as-is),9,1.232730220731842,5628.953806271345,76.10415903934995
Downtown_CBD,Weekend,Rule-Based (as-is),10,1.3778362450010522,7010.111333963813,84.79613547929831
Downtown_CBD,Weekend,Rule-Based (as-is),11,1.5123678339315163,8630.91350745338,95.11479630164506
Downtown_CBD,Weekend,Rule-Based (as-is),12,1.7032631880551397,10238.638436597103,100.1864979763543
Downtown_CBD,Weekend,Rule-Based (as-is),13,1.7688470333373447,11367.510486362457,107.10847491915852
Downtown_CBD,Weekend,Rule-Based (as-is),14,1.7295382071571987,11257.600442812758,108.4836826792493
Downtown_CBD,Weekend,Rule-Based (as-is),15,1.6097409992116098,10377.217479539524,107.44189577310773
Downtown_CBD,Weekend,Rule-Based (as-is),16,1.502560658705364,9475.331142122013,105.10203683763585
Downtown_CBD,Weekend,Rule-Based (as-is),17,1.279354349979605,7661.364200690221,99.80769076751301
Downtown_CBD,Weekend,Rule-Based (as-is),18,1.2423761275176077,7040.565661751973,94.4502702765725
Downtown_CBD,Weekend,Rule-Based (as-is),19,1.327867649511357,7062.629239139408,88.64624976917429
Downtown_CBD,Weekend,Rule-Based (as-is),20,1.6414689541912715,9028.0278510153,91.66614480649014
Downtown_CBD,Weekend,Rule-Based (as-is),21,1.9984102450872157,10818.465541276379,90.22559780432064
Downtown_CBD,Weekend,Rule-Based (as-is),22,2.3933410330957026,12407.907455627323,86.40576279524284
Downtown_CBD,Weekend,Rule-Based (as-is),23,2.437227278394215,12147.071794320686,83.06619508435746
Downtown_CBD,Weekend,OR-Optimized (SciPy NLP),0,1.002,2572.187839059243,42.78422885993418
Downtown_CBD,Weekend,OR-Optimized (SciPy NLP),1,1.002,2550.8043410437926,42.428548586889434
Downtown_CBD,Weekend,OR-Optimized (SciPy NLP),2,1.002,2627.359792434972,43.70192602187245
Downtown_CBD,Weekend,OR-Optimized (SciPy NLP),3,1.002,2564.7928424557863,42.66122492441428
Downtown_CBD,Weekend,OR-Optimized (SciPy NLP),4,1.002,2630.915188207602,43.76106434144381
Downtown_CBD,Weekend,OR-Optimized (SciPy NLP),5,1.002,2735.848397639272,45.50646037324139
Downtown_CBD,Weekend,OR-Optimized (SciPy NLP),6,1.002,3046.7758377430964,50.678240814090096
Downtown_CBD,Weekend,OR-Optimized (SciPy NLP),7,1.007,3475.7459449147045,57.52641418263332
Downtown_CBD,Weekend,OR-Optimized (SciPy NLP),8,1.005,4256.0976090070235,70.582049900614
Downtown_CBD,Weekend,OR-Optimized (SciPy NLP),9,1.004,5624.334570674352,93.36544772035776
Downtown_CBD,Weekend,OR-Optimized (SciPy NLP),10,1.001,7068.589596185687,117.69213446862616
Downtown_CBD,Weekend,OR-Optimized (SciPy NLP),11,1.0,8724.245089713773,145.4040848285629
Downtown_CBD,Weekend,OR-Optimized (SciPy NLP),12,1.099,10355.941596631525,157.05097962741166
Downtown_CBD,Weekend,OR-Optimized (SciPy NLP),13,1.153,11494.702848590689,166.15644476135714
Downtown_CBD,Weekend,OR-Optimized (SciPy NLP),14,1.121,11385.242066448456,169.27210922462766
Downtown_CBD,Weekend,OR-Optimized (SciPy NLP),15,1.022,10500.1302,171.23499999999999
Downtown_CBD,Weekend,OR-Optimized (SciPy NLP),16,1.0,9576.174005724506,159.60290009540844
Downtown_CBD,Weekend,OR-Optimized (SciPy NLP),17,1.002,7653.879410965128,127.31003677586708
Downtown_CBD,Weekend,OR-Optimized (SciPy NLP),18,1.003,7034.540664537024,116.89166940074817
Downtown_CBD,Weekend,OR-Optimized (SciPy NLP),19,1.003,7054.707187209142,117.22677280174713
Downtown_CBD,Weekend,OR-Optimized (SciPy NLP),20,1.052,9011.975916530699,142.77528384871195
Downtown_CBD,Weekend,OR-Optimized (SciPy NLP),21,1.341,10931.262381175506,135.85958713864662
Downtown_CBD,Weekend,OR-Optimized (SciPy NLP),22,1.663,12525.915176648525,125.53532949136626
Downtown_CBD,Weekend,OR-Optimized (SciPy NLP),23,1.699,12261.563943261655,120.28216542340255
Downtown_CBD,Weekend,OR-Optimized (PuLP MILP),0,1.0,2572.321462721893,42.87202437869822
Downtown_CBD,Weekend,OR-Optimized (PuLP MILP),1,1.0,2550.9368538461545,42.51561423076924
Downtown_CBD,Weekend,OR-Optimized (PuLP MILP),2,1.0,2627.4962822485204,43.79160470414201
Downtown_CBD,Weekend,OR-Optimized (PuLP MILP),3,1.0,2564.926081952663,42.74876803254438
Downtown_CBD,Weekend,OR-Optimized (PuLP MILP),4,1.0,2631.0518627218935,43.850864378698226
Downtown_CBD,Weekend,OR-Optimized (PuLP MILP),5,1.0,2735.990523372781,45.599842056213014
Downtown_CBD,Weekend,OR-Optimized (PuLP MILP),6,1.0,3046.9341159763308,50.78223526627218
Downtown_CBD,Weekend,OR-Optimized (PuLP MILP),7,1.5,3481.2905556556466,38.68100617395163
Downtown_CBD,Weekend,OR-Optimized (PuLP MILP),8,1.8,4266.030982653758,39.50028687642369
Downtown_CBD,Weekend,OR-Optimized (PuLP MILP),9,1.5,5633.373902674781,62.59304336305312
Downtown_CBD,Weekend,OR-Optimized (PuLP MILP),10,1.0,7068.773290071555,117.81288816785924
Downtown_CBD,Weekend,OR-Optimized (PuLP MILP),11,1.0,8724.245089713773,145.4040848285629
Downtown_CBD,Weekend,OR-Optimized (PuLP MILP),12,1.2,10332.295542365522,143.5041047550767
Downtown_CBD,Weekend,OR-Optimized (PuLP MILP),13,1.2,11482.768210996448,159.48289181939512
Downtown_CBD,Weekend,OR-Optimized (PuLP MILP),14,1.2,11365.101070871897,157.8486259843319
Downtown_CBD,Weekend,OR-Optimized (PuLP MILP),15,1.2,10456.777381725089,145.23301919062624
Downtown_CBD,Weekend,OR-Optimized (PuLP MILP),16,1.0,9576.174005724506,159.60290009540844
Downtown_CBD,Weekend,OR-Optimized (PuLP MILP),17,1.5,7666.241738152133,85.18046375724592
Downtown_CBD,Weekend,OR-Optimized (PuLP MILP),18,1.8,7051.014873635161,65.28717475588113
Downtown_CBD,Weekend,OR-Optimized (PuLP MILP),19,1.8,7071.228624339232,65.47433911425215
Downtown_CBD,Weekend,OR-Optimized (PuLP MILP),20,1.8,9031.357825443707,83.62368356892321
Downtown_CBD,Weekend,OR-Optimized (PuLP MILP),21,1.5,10899.462818622927,121.10514242914364
Downtown_CBD,Weekend,OR-Optimized (PuLP MILP),22,1.8,12500.160224867528,115.74222430432897
Downtown_CBD,Weekend,OR-Optimized (PuLP MILP),23,1.8,12243.16803150821,113.36266695840935
Suburban_Residential,Weekday,Static,0,1.0,763.496408203125,12.72494013671875
Suburban_Residential,Weekday,Static,1,1.0,772.8544687499999,12.880907812499998
Suburban_Residential,Weekday,Static,2,1.0,769.8872671875,12.831454453125
Suburban_Residential,Weekday,Static,3,1.0,787.4774875488282,13.12462479248047
Suburban_Residential,Weekday,Static,4,1.0,862.9375803222657,14.382293005371094
Suburban_Residential,Weekday,Static,5,1.0,1163.0411786132813,19.384019643554687
Suburban_Residential,Weekday,Static,6,1.0,2026.7272093749998,33.778786822916665
Suburban_Residential,Weekday,Static,7,1.0,3633.1343062499996,60.552238437499994
Suburban_Residential,Weekday,Static,8,1.0,4761.64426779746,79.36073779662433
Suburban_Residential,Weekday,Static,9,1.0,4731.954735711898,78.86591226186496
Suburban_Residential,Weekday,Static,10,1.0,3388.54284375,56.475714062499996
Suburban_Residential,Weekday,Static,11,1.0,2050.4878630371095,34.17479771728516
Suburban_Residential,Weekday,Static,12,1.0,1150.4129572265626,19.173549287109378
Suburban_Residential,Weekday,Static,13,1.0,908.2303050292969,15.137171750488282
Suburban_Residential,Weekday,Static,14,1.0,1013.9675690917969,16.899459484863282
Suburban_Residential,Weekday,Static,15,1.0,1575.9534755859374,26.265891259765624
Suburban_Residential,Weekday,Static,16,1.0,2707.759884375,45.12933140625
Suburban_Residential,Weekday,Static,17,1.0,4353.289495237299,72.55482492062166
Suburban_Residential,Weekday,Static,18,1.0,5672.30625,94.5384375
Suburban_Residential,Weekday,Static,19,1.0,5681.325000000001,94.68875000000001
Suburban_Residential,Weekday,Static,20,1.0,4456.089500083556,74.26815833472594
Suburban_Residential,Weekday,Static,21,1.0,2726.0617896045915,45.43436316007652
Suburban_Residential,Weekday,Static,22,1.0,1566.8854123535157,26.114756872558594
Suburban_Residential,Weekday,Static,23,1.0,994.6314140625,16.577190234375
Suburban_Residential,Weekday,Rule-Based (as-is),0,1.0,763.496408203125,12.72494013671875
Suburban_Residential,Weekday,Rule-Based (as-is),1,1.0,772.8544687499999,12.880907812499998
Suburban_Residential,Weekday,Rule-Based (as-is),2,1.0,769.8872671875,12.831454453125
Suburban_Residential,Weekday,Rule-Based (as-is),3,1.0,787.4774875488282,13.12462479248047
Suburban_Residential,Weekday,Rule-Based (as-is),4,1.0,862.9375803222657,14.382293005371094
Suburban_Residential,Weekday,Rule-Based (as-is),5,1.0,1163.0411786132813,19.384019643554687
Suburban_Residential,Weekday,Rule-Based (as-is),6,1.0,2026.7272093749998,33.778786822916665
Suburban_Residential,Weekday,Rule-Based (as-is),7,1.2484313328610464,3607.4289284765687,48.159489346380745
Suburban_Residential,Weekday,Rule-Based (as-is),8,1.49670204430515,4700.592635338241,52.34389228441379
Suburban_Residential,Weekday,Rule-Based (as-is),9,1.4561120953454665,4675.395427406685,53.514600539704496
Suburban_Residential,Weekday,Rule-Based (as-is),10,1.1947470589611058,3361.518939075175,46.89303499936616
Suburban_Residential,Weekday,Rule-Based (as-is),11,1.0,2050.4878630371095,34.17479771728516
Suburban_Residential,Weekday,Rule-Based (as-is),12,1.0,1150.4129572265626,19.173549287109378
Suburban_Residential,Weekday,Rule-Based (as-is),13,1.0,908.2303050292969,15.137171750488282
Suburban_Residential,Weekday,Rule-Based (as-is),14,1.0,1013.9675690917969,16.899459484863282
Suburban_Residential,Weekday,Rule-Based (as-is),15,1.0,1575.9534755859374,26.265891259765624
Suburban_Residential,Weekday,Rule-Based (as-is),16,1.0,2707.759884375,45.12933140625
Suburban_Residential,Weekday,Rule-Based (as-is),17,1.322747137487982,4314.498181511413,54.36284909431041
Suburban_Residential,Weekday,Rule-Based (as-is),18,1.6126208585793478,5729.805880006564,59.218361314577535
Suburban_Residential,Weekday,Rule-Based (as-is),19,1.5881585721640636,5625.895648306414,59.04002856843645
Suburban_Residential,Weekday,Rule-Based (as-is),20,1.3507280165398319,4413.42480892999,54.45735873404387
Suburban_Residential,Weekday,Rule-Based (as-is),21,1.0150439821762518,2724.2306618168195,44.73091330118319
Suburban_Residential,Weekday,Rule-Based (as-is),22,1.0,1566.8854123535157,26.114756872558594
Suburban_Residential,Weekday,Rule-Based (as-is),23,1.0,994.6314140625,16.577190234375
Suburban_Residential,Weekday,OR-Optimized (SciPy NLP),0,1.0,763.496408203125,12.72494013671875
Suburban_Residential,Weekday,OR-Optimized (SciPy NLP),1,1.0,772.8544687499999,12.880907812499998
Suburban_Residential,Weekday,OR-Optimized (SciPy NLP),2,1.0,769.8872671875,12.831454453125
Suburban_Residential,Weekday,OR-Optimized (SciPy NLP),3,1.0,787.4774875488282,13.12462479248047
Suburban_Residential,Weekday,OR-Optimized (SciPy NLP),4,1.0,862.9375803222657,14.382293005371094
Suburban_Residential,Weekday,OR-Optimized (SciPy NLP),5,1.0,1163.0411786132813,19.384019643554687
Suburban_Residential,Weekday,OR-Optimized (SciPy NLP),6,1.0,2026.7272093749998,33.778786822916665
Suburban_Residential,Weekday,OR-Optimized (SciPy NLP),7,1.0,3633.1343062499996,60.552238437499994
Suburban_Residential,Weekday,OR-Optimized (SciPy NLP),8,1.0,4761.64426779746,79.36073779662433
Suburban_Residential,Weekday,OR-Optimized (SciPy NLP),9,1.0,4731.954735711898,78.86591226186496
Suburban_Residential,Weekday,OR-Optimized (SciPy NLP),10,1.0,3388.54284375,56.475714062499996
Suburban_Residential,Weekday,OR-Optimized (SciPy NLP),11,1.0,2050.4878630371095,34.17479771728516
Suburban_Residential,Weekday,OR-Optimized (SciPy NLP),12,1.0,1150.4129572265626,19.173549287109378
Suburban_Residential,Weekday,OR-Optimized (SciPy NLP),13,1.0,908.2303050292969,15.137171750488282
Suburban_Residential,Weekday,OR-Optimized (SciPy NLP),14,1.0,1013.9675690917969,16.899459484863282
Suburban_Residential,Weekday,OR-Optimized (SciPy NLP),15,1.0,1575.9534755859374,26.265891259765624
Suburban_Residential,Weekday,OR-Optimized (SciPy NLP),16,1.0,2707.759884375,45.12933140625
Suburban_Residential,Weekday,OR-Optimized (SciPy NLP),17,1.0,4353.289495237299,72.55482492062166
Suburban_Residential,Weekday,OR-Optimized (SciPy NLP),18,1.025,5813.50135200232,94.52847726833042
Suburban_Residential,Weekday,OR-Optimized (SciPy NLP),19,1.005,5708.880627942766,94.6746372793162
Suburban_Residential,Weekday,OR-Optimized (SciPy NLP),20,1.0,4456.089500083556,74.26815833472594
Suburban_Residential,Weekday,OR-Optimized (SciPy NLP),21,1.0,2726.0617896045915,45.43436316007652
Suburban_Residential,Weekday,OR-Optimized (SciPy NLP),22,1.0,1566.8854123535157,26.114756872558594
Suburban_Residential,Weekday,OR-Optimized (SciPy NLP),23,1.0,994.6314140625,16.577190234375
Suburban_Residential,Weekday,OR-Optimized (PuLP MILP),0,1.0,763.496408203125,12.72494013671875
Suburban_Residential,Weekday,OR-Optimized (PuLP MILP),1,1.0,772.8544687499999,12.880907812499998
Suburban_Residential,Weekday,OR-Optimized (PuLP MILP),2,1.0,769.8872671875,12.831454453125
Suburban_Residential,Weekday,OR-Optimized (PuLP MILP),3,1.0,787.4774875488282,13.12462479248047
Suburban_Residential,Weekday,OR-Optimized (PuLP MILP),4,1.0,862.9375803222657,14.382293005371094
Suburban_Residential,Weekday,OR-Optimized (PuLP MILP),5,1.0,1163.0411786132813,19.384019643554687
Suburban_Residential,Weekday,OR-Optimized (PuLP MILP),6,1.0,2026.7272093749998,33.778786822916665
Suburban_Residential,Weekday,OR-Optimized (PuLP MILP),7,1.0,3633.1343062499996,60.552238437499994
Suburban_Residential,Weekday,OR-Optimized (PuLP MILP),8,1.0,4761.64426779746,79.36073779662433
Suburban_Residential,Weekday,OR-Optimized (PuLP MILP),9,1.0,4731.954735711898,78.86591226186496
Suburban_Residential,Weekday,OR-Optimized (PuLP MILP),10,1.0,3388.54284375,56.475714062499996
Suburban_Residential,Weekday,OR-Optimized (PuLP MILP),11,1.0,2050.4878630371095,34.17479771728516
Suburban_Residential,Weekday,OR-Optimized (PuLP MILP),12,1.0,1150.4129572265626,19.173549287109378
Suburban_Residential,Weekday,OR-Optimized (PuLP MILP),13,1.0,908.2303050292969,15.137171750488282
Suburban_Residential,Weekday,OR-Optimized (PuLP MILP),14,1.0,1013.9675690917969,16.899459484863282
Suburban_Residential,Weekday,OR-Optimized (PuLP MILP),15,1.0,1575.9534755859374,26.265891259765624
Suburban_Residential,Weekday,OR-Optimized (PuLP MILP),16,1.0,2707.759884375,45.12933140625
Suburban_Residential,Weekday,OR-Optimized (PuLP MILP),17,1.0,4353.289495237299,72.55482492062166
Suburban_Residential,Weekday,OR-Optimized (PuLP MILP),18,1.2,5784.251150307368,80.33682153204678
Suburban_Residential,Weekday,OR-Optimized (PuLP MILP),19,1.0,5681.325000000001,94.68875000000001
Suburban_Residential,Weekday,OR-Optimized (PuLP MILP),20,1.0,4456.089500083556,74.26815833472594
Suburban_Residential,Weekday,OR-Optimized (PuLP MILP),21,1.0,2726.0617896045915,45.43436316007652
Suburban_Residential,Weekday,OR-Optimized (PuLP MILP),22,1.0,1566.8854123535157,26.114756872558594
Suburban_Residential,Weekday,OR-Optimized (PuLP MILP),23,1.0,994.6314140625,16.577190234375
Suburban_Residential,Weekend,Static,0,1.0,989.2327491124262,16.487212485207102
Suburban_Residential,Weekend,Static,1,1.0,1000.3412627218936,16.672354378698227
Suburban_Residential,Weekend,Static,2,1.0,1011.7073325443787,16.861788875739645
Suburban_Residential,Weekend,Static,3,1.0,1032.97539408284,17.216256568047335
Suburban_Residential,Weekend,Static,4,1.0,1036.3953834319527,17.273256390532545
Suburban_Residential,Weekend,Static,5,1.0,1102.1658923076925,18.36943153846154
Suburban_Residential,Weekend,Static,6,1.0,1150.9536568047338,19.182560946745564
Suburban_Residential,Weekend,Static,7,1.0,1344.2358736686392,22.403931227810652
Suburban_Residential,Weekend,Static,8,1.0,1676.149975739645,27.935832928994085
Suburban_Residential,Weekend,Static,9,1.0,2152.1784965034967,35.86964160839161
Suburban_Residential,Weekend,Static,10,1.0,2856.933655384615,47.61556092307692
Suburban_Residential,Weekend,Static,11,1.0,3497.731387700535,58.295523128342246
Suburban_Residential,Weekend,Static,12,1.0,4301.784818181819,71.69641363636364
Suburban_Residential,Weekend,Static,13,1.0,4571.57892513369,76.1929820855615
Suburban_Residential,Weekend,Static,14,1.0,4625.629098930481,77.09381831550802
Suburban_Residential,Weekend,Static,15,1.0,4258.544679144386,70.97574465240642
Suburban_Residential,Weekend,Static,16,1.0,3587.0839384615383,59.78473230769231
Suburban_Residential,Weekend,Static,17,1.0,3053.805094405594,50.89675157342657
Suburban_Residential,Weekend,Static,18,1.0,2658.672235164835,44.31120391941392
Suburban_Residential,Weekend,Static,19,1.0,2872.875259615385,47.881254326923084
Suburban_Residential,Weekend,Static,20,1.0,3492.097989304812,58.2016331550802
Suburban_Residential,Weekend,Static,21,1.0,4344.720449197861,72.41200748663101
Suburban_Residential,Weekend,Static,22,1.0,4243.800000000001,70.73000000000002
Suburban_Residential,Weekend,Static,23,1.0,3918.2999999999997,65.30499999999999
Suburban_Residential,Weekend,Rule-Based (as-is),0,1.0,989.2327491124262,16.487212485207102
Suburban_Residential,Weekend,Rule-Based (as-is),1,1.0,1000.3412627218936,16.672354378698227
Suburban_Residential,Weekend,Rule-Based (as-is),2,1.0,1011.7073325443787,16.861788875739645
Suburban_Residential,Weekend,Rule-Based (as-is),3,1.0,1032.97539408284,17.216256568047335
Suburban_Residential,Weekend,Rule-Based (as-is),4,1.0,1036.3953834319527,17.273256390532545
Suburban_Residential,Weekend,Rule-Based (as-is),5,1.0,1102.1658923076925,18.36943153846154
Suburban_Residential,Weekend,Rule-Based (as-is),6,1.0,1150.9536568047338,19.182560946745564
Suburban_Residential,Weekend,Rule-Based (as-is),7,1.0,1344.2358736686392,22.403931227810652
Suburban_Residential,Weekend,Rule-Based (as-is),8,1.0,1676.149975739645,27.935832928994085
Suburban_Residential,Weekend,Rule-Based (as-is),9,1.0,2152.1784965034967,35.86964160839161
Suburban_Residential,Weekend,Rule-Based (as-is),10,1.1273784631468895,2841.561220055213,42.00838956546245
Suburban_Residential,Weekend,Rule-Based (as-is),11,1.2218830123427344,3466.331717728106,47.28128201463489
Suburban_Residential,Weekend,Rule-Based (as-is),12,1.342585487906589,4245.132937458794,52.69848085028299
Suburban_Residential,Weekend,Rule-Based (as-is),13,1.4074712000894753,4501.802558916617,53.30840349972383
Suburban_Residential,Weekend,Rule-Based (as-is),14,1.392734996187779,4557.185684011499,54.53520945580118
Suburban_Residential,Weekend,Rule-Based (as-is),15,1.320469504168495,4205.604523765301,53.08218668295545
Suburban_Residential,Weekend,Rule-Based (as-is),16,1.1572699047518813,3563.583830617981,51.32170429712064
Suburban_Residential,Weekend,Rule-Based (as-is),17,1.0499673629242818,3049.0439863926426,48.39902797709665
Suburban_Residential,Weekend,Rule-Based (as-is),18,1.0,2658.672235164835,44.31120391941392
Suburban_Residential,Weekend,Rule-Based (as-is),19,1.082850140474625,2865.5670970215497,44.10531968541127
Suburban_Residential,Weekend,Rule-Based (as-is),20,1.2758655804480652,3464.9794571463426,45.26312058581037
Suburban_Residential,Weekend,Rule-Based (as-is),21,1.5747238421955403,4256.843068414456,45.053858062285194
Suburban_Residential,Weekend,Rule-Based (as-is),22,1.7789905273575564,4823.414830453695,45.188687594439756
Suburban_Residential,Weekend,Rule-Based (as-is),23,1.9156419875966622,4878.501053333122,42.44443973108655
Suburban_Residential,Weekend,OR-Optimized (SciPy NLP),0,1.0,989.2327491124262,16.487212485207102
Suburban_Residential,Weekend,OR-Optimized (SciPy NLP),1,1.0,1000.3412627218936,16.672354378698227
Suburban_Residential,Weekend,OR-Optimized (SciPy NLP),2,1.0,1011.7073325443787,16.861788875739645
Suburban_Residential,Weekend,OR-Optimized (SciPy NLP),3,1.0,1032.97539408284,17.216256568047335
Suburban_Residential,Weekend,OR-Optimized (SciPy NLP),4,1.0,1036.3953834319527,17.273256390532545
Suburban_Residential,Weekend,OR-Optimized (SciPy NLP),5,1.0,1102.1658923076925,18.36943153846154
Suburban_Residential,Weekend,OR-Optimized (SciPy NLP),6,1.0,1150.9536568047338,19.182560946745564
Suburban_Residential,Weekend,OR-Optimized (SciPy NLP),7,1.0,1344.2358736686392,22.403931227810652
Suburban_Residential,Weekend,OR-Optimized (SciPy NLP),8,1.0,1676.149975739645,27.935832928994085
Suburban_Residential,Weekend,OR-Optimized (SciPy NLP),9,1.0,2152.1784965034967,35.86964160839161
Suburban_Residential,Weekend,OR-Optimized (SciPy NLP),10,1.0,2856.933655384615,47.61556092307692
Suburban_Residential,Weekend,OR-Optimized (SciPy NLP),11,1.0,3497.731387700535,58.295523128342246
Suburban_Residential,Weekend,OR-Optimized (SciPy NLP),12,1.0,4301.784818181819,71.69641363636364
Suburban_Residential,Weekend,OR-Optimized (SciPy NLP),13,1.0,4571.57892513369,76.1929820855615
Suburban_Residential,Weekend,OR-Optimized (SciPy NLP),14,1.0,4625.629098930481,77.09381831550802
Suburban_Residential,Weekend,OR-Optimized (SciPy NLP),15,1.0,4258.544679144386,70.97574465240642
Suburban_Residential,Weekend,OR-Optimized (SciPy NLP),16,1.0,3587.0839384615383,59.78473230769231
Suburban_Residential,Weekend,OR-Optimized (SciPy NLP),17,1.0,3053.805094405594,50.89675157342657
Suburban_Residential,Weekend,OR-Optimized (SciPy NLP),18,1.0,2658.672235164835,44.31120391941392
Suburban_Residential,Weekend,OR-Optimized (SciPy NLP),19,1.0,2872.875259615385,47.881254326923084
Suburban_Residential,Weekend,OR-Optimized (SciPy NLP),20,1.0,3492.097989304812,58.2016331550802
Suburban_Residential,Weekend,OR-Optimized (SciPy NLP),21,1.0,4344.720449197861,72.41200748663101
Suburban_Residential,Weekend,OR-Optimized (SciPy NLP),22,1.159,4917.322286557541,70.71214102038454
Suburban_Residential,Weekend,OR-Optimized (SciPy NLP),23,1.268,4968.404399999999,65.30499999999999
Suburban_Residential,Weekend,OR-Optimized (PuLP MILP),0,1.0,989.2327491124262,16.487212485207102
Suburban_Residential,Weekend,OR-Optimized (PuLP MILP),1,1.0,1000.3412627218936,16.672354378698227
Suburban_Residential,Weekend,OR-Optimized (PuLP MILP),2,1.0,1011.7073325443787,16.861788875739645
Suburban_Residential,Weekend,OR-Optimized (PuLP MILP),3,1.0,1032.97539408284,17.216256568047335
Suburban_Residential,Weekend,OR-Optimized (PuLP MILP),4,1.0,1036.3953834319527,17.273256390532545
Suburban_Residential,Weekend,OR-Optimized (PuLP MILP),5,1.0,1102.1658923076925,18.36943153846154
Suburban_Residential,Weekend,OR-Optimized (PuLP MILP),6,1.0,1150.9536568047338,19.182560946745564
Suburban_Residential,Weekend,OR-Optimized (PuLP MILP),7,1.0,1344.2358736686392,22.403931227810652
Suburban_Residential,Weekend,OR-Optimized (PuLP MILP),8,1.0,1676.149975739645,27.935832928994085
Suburban_Residential,Weekend,OR-Optimized (PuLP MILP),9,1.0,2152.1784965034967,35.86964160839161
Suburban_Residential,Weekend,OR-Optimized (PuLP MILP),10,1.0,2856.933655384615,47.61556092307692
Suburban_Residential,Weekend,OR-Optimized (PuLP MILP),11,1.0,3497.731387700535,58.295523128342246
Suburban_Residential,Weekend,OR-Optimized (PuLP MILP),12,1.0,4301.784818181819,71.69641363636364
Suburban_Residential,Weekend,OR-Optimized (PuLP MILP),13,1.0,4571.57892513369,76.1929820855615
Suburban_Residential,Weekend,OR-Optimized (PuLP MILP),14,1.0,4625.629098930481,77.09381831550802
Suburban_Residential,Weekend,OR-Optimized (PuLP MILP),15,1.0,4258.544679144386,70.97574465240642
Suburban_Residential,Weekend,OR-Optimized (PuLP MILP),16,1.0,3587.0839384615383,59.78473230769231
Suburban_Residential,Weekend,OR-Optimized (PuLP MILP),17,1.0,3053.805094405594,50.89675157342657
Suburban_Residential,Weekend,OR-Optimized (PuLP MILP),18,1.0,2658.672235164835,44.31120391941392
Suburban_Residential,Weekend,OR-Optimized (PuLP MILP),19,1.0,2872.875259615385,47.881254326923084
Suburban_Residential,Weekend,OR-Optimized (PuLP MILP),20,1.0,3492.097989304812,58.2016331550802
Suburban_Residential,Weekend,OR-Optimized (PuLP MILP),21,1.0,4344.720449197861,72.41200748663101
Suburban_Residential,Weekend,OR-Optimized (PuLP MILP),22,1.2,4909.635741497547,68.18938529857705
Suburban_Residential,Weekend,OR-Optimized (PuLP MILP),23,1.5,4932.492596621011,54.805473295789014
